id,imena,žanri,jeziki,št poglavij
0,1 Second,"['Action', 'Supernatural']",EN,Chap 23
1,1518!,"['School', 'Seinen']",EN,Chap 13
2,20 Seiki Shounen: Ujiko Ujio Sakuhinshuu,"['Comedy', 'Mystery', 'Ecchi']",nedoločen,nedoločen
3,3x3 Eyes: Kiseki no Yami no Keiyakusha,"['Action', 'Fantasy', 'Supernatural']",JA,Chap 48.5
4,47 Taisen,"['Action', 'Fantasy']",JA,Chap 14
5,Adabana,"['Mystery', 'Drama', 'Psychological']",JA,Chap 28
6,Adamas,"['Action', 'Drama', 'Supernatural']",EN,Chap 2
7,Afterschool War Activities,"['Action', 'Drama', 'School']",EN,Chap 51
8,AI no Idenshi: Red Queen,"['Drama', 'Sci-Fi', 'Shounen']",JA,Chap 20
9,Aibou no Jouken,['Yaoi'],EN,Chap 5.5
10,Aisaresugi Confusion,['Yaoi'],EN,Chap 4
11,Akuma no Youna Anata,"['Historical', 'Romance', 'Shoujo']",JA,nedoločen
12,"Akuyaku Reijou desu ga, Shiawase ni Natte Misemasu wa!: Anthology Comic","['Drama', 'Fantasy', 'Romance']",JA,nedoločen
13,Akuyaku Reijou no Tsuihougo!: Kyoukai Kaikaku Gohan de Yuuyuu Sister-gurashi,"['Comedy', 'Fantasy', 'Romance']",JA,Chap 47
14,"Ani ga Kareshi de, Gomen","['Comedy', 'Romance', 'Shoujo']",EN,Chap 13
15,Anti Romance,['Yaoi'],EN,Chap 8
16,Ao Haru Ride,"['Comedy', 'Drama', 'Romance']",nedoločen,nedoločen
17,Asuko March!: Kenritsu Asuka Kougyou Koukou Koushinkyoku,"['Comedy', 'Drama', 'Romance']",JA,Chap 22.5
18,One Piece,"['Action', 'Adventure']",nedoločen,nedoločen
19,Jujutsu Kaisen,"['Action', 'Demons']",nedoločen,nedoločen
20,Boruto: Naruto Next Generation,"['Action', 'Adventure']",nedoločen,nedoločen
21,Blue Lock,"['Shounen', 'Sports']",nedoločen,nedoločen
22,Black Clover,"['Action', 'Comedy']",nedoločen,nedoločen
23,One-Punch Man,"['Action', 'Comedy']",nedoločen,nedoločen
24,Berserk,"['Action', 'Adventure']",nedoločen,nedoločen
25,One Piece (Colored Edition),"['Action', 'Adventure']",nedoločen,nedoločen
26,Zom 100: Bucket List of the Dead,"['Action', 'Adventure']",nedoločen,nedoločen
27,Chainsaw Man,"['Action', 'Adventure']",nedoločen,nedoločen
28,One Piece,"['Action', 'Adventure']",nedoločen,nedoločen
29,Jujutsu Kaisen,"['Action', 'Demons']",nedoločen,nedoločen
30,Boruto: Naruto Next Generation,"['Action', 'Adventure']",nedoločen,nedoločen
31,Blue Lock,"['Shounen', 'Sports']",nedoločen,nedoločen
32,Black Clover,"['Action', 'Comedy']",nedoločen,nedoločen
33,One-Punch Man,"['Action', 'Comedy']",nedoločen,nedoločen
34,Chainsaw Man,"['Action', 'Adventure']",nedoločen,nedoločen
35,Berserk,"['Action', 'Adventure']",nedoločen,nedoločen
36,One Piece (Colored Edition),"['Action', 'Adventure']",nedoločen,nedoločen
37,Zom 100: Bucket List of the Dead,"['Action', 'Adventure']",nedoločen,nedoločen
38,One Piece,"['Action', 'Adventure']",nedoločen,nedoločen
39,Jujutsu Kaisen,"['Action', 'Demons']",nedoločen,nedoločen
40,Blue Lock,"['Shounen', 'Sports']",nedoločen,nedoločen
41,One-Punch Man,"['Action', 'Comedy']",nedoločen,nedoločen
42,Black Clover,"['Action', 'Comedy']",nedoločen,nedoločen
43,Berserk,"['Action', 'Adventure']",nedoločen,nedoločen
44,Chainsaw Man,"['Action', 'Adventure']",nedoločen,nedoločen
45,One Piece (Colored Edition),"['Action', 'Adventure']",nedoločen,nedoločen
46,My Star,"['Comedy', 'Drama']",nedoločen,nedoločen
47,Zom 100: Bucket List of the Dead,"['Action', 'Adventure']",nedoločen,nedoločen
48,Banjou no Polaris,['Shounen'],nedoločen,nedoločen
49,Beware of the Brothers!,"['Drama', 'Fantasy', 'Romance']",EN,Chap 98
50,Black Out,"['Mystery', 'Shounen', 'Sports']",EN,Chap 47
51,Bokura no Yoake,"['Drama', 'Sci-Fi', 'Seinen']",EN,Chap 10.2
52,Break-Age,"['Mecha', 'Romance', 'Sci-Fi']",EN,Chap 55.2
53,Change!,"['Music', 'Shounen']",JA,Chap 27
54,Chicano Kei: Beikoku Gokuaku Keimusho wo Ikinuita Nihonjin,"['Action', 'Seinen']",JA,Chap 60
55,Chiruran: Shinsengumi Requiem,"['Action', 'Historical', 'Seinen']",JA,Chap 114
56,Chocotan!,"['Romance', 'Shoujo']",JA,nedoločen
57,Christie: London Massive,"['Mystery', 'Seinen']",JA,nedoločen
58,Clover,"['Action', 'Comedy', 'Shounen']",EN,Chap 281
59,Count Over,"['Action', 'Shounen']",EN,Chap 1
60,Crash!,"['Comedy', 'Music', 'Romance']",JA,nedoločen
61,Croket!: Black Label,"['Action', 'Adventure', 'Fantasy']",JA,Chap 10
62,Dai Koushien,"['School', 'Shounen', 'Sports']",JA,nedoločen
63,Dear Boys Act 4,"['Shounen', 'Sports']",JA,Chap 27
64,Dokaben,"['School', 'Shounen', 'Sports']",JA,nedoločen
65,Dokaben: Dream Tournament-hen,"['School', 'Shounen', 'Sports']",JA,nedoločen
66,Dokaben: Pro Yakyuu-hen,"['School', 'Shounen', 'Sports']",JA,nedoločen
67,Dokaben: Super Stars-hen,"['School', 'Shounen', 'Sports']",JA,nedoločen
68,Dokgo,"['Action', 'Drama', 'School']",EN,Chap 90
69,Dokgo 2,"['Action', 'Drama', 'School']",EN,Chap 100
70,Dokgo Rewind,"['Action', 'Drama', 'School']",EN,Chap 272
71,Doukyonin ga Fuantei deshite,"['Comedy', 'Shounen', 'Slice of Life']",JA,Chap 7
72,Elite Yankee Saburou,"['Comedy', 'School', 'Seinen']",JA,Chap 249
73,Gekijouban Sword Art Online: Ordinal Scale,"['Action', 'Game']",EN,Chap 17.6
74,Gekkakoku Kiiden,"['Fantasy', 'Historical', 'Romance']",EN,Chap 4.5
75,Gokusen Kanketsu-hen,"['Action', 'Comedy', 'Drama']",JA,Chap 6
76,Hacks!,"['School', 'Seinen']",JA,Chap 24
77,Hero Kojin Sakuhinshuu,['Shounen'],JA,Chap 4
78,Ice Age,"['Drama', 'School', 'Josei']",JA,Chap 55
79,Iki Dekinai no wa Kimi no Sei,"['Comedy', 'Music', 'Shounen Ai']",EN,Chap 10
80,Ippo,"['Drama', 'Slice of Life', 'Seinen']",JA,Chap 30
81,"Isekai kara Seijo ga Kuru You nanode, Jamamono wa Kieyou to Omoimasu","['Comedy', 'Fantasy', 'Romance']",JA,Chap 33
82,Isekai no Sata wa Shachiku Shidai,"['Fantasy', 'Shounen Ai']",EN,Chap 12.5
83,Itaewon Class,['Drama'],EN,Chap 79
84,Soukon no Shoujo to Sourei no Tabi,"['Adventure', 'Fantasy', 'Supernatural']",JA,Chap 5
85,Soukyuu no Shihaisha: Konoyo no Hanbun wo Shihai suru! Hazure Cheat de Isekai wo Sukue!!,"['Ecchi', 'Fantasy', 'Shounen']",EN,Chap 12
86,Suuji de Asobo,"['Comedy', 'School', 'Slice of Life']",JA,Chap 34
87,Synchro Onchi!,"['Comedy', 'Drama', 'Romance']",JA,Chap 25
88,Teni Muhou: Musashibou Benkei,"['Action', 'Historical', 'Super Power']",JA,Chap 32
89,Tensei shitara Party ga Otokonoko darake Datta kedo Danjite Ore wa Shotacon ja Nai!,"['Comedy', 'Fantasy', 'Shounen Ai']",EN,Chap 17
90,Tenshi no Tsura no Kawa,"['Comedy', 'Drama', 'Romance']",JA,nedoločen
91,The Stories of Those Around Me,"['Comedy', 'Romance', 'Slice of Life']",EN,Chap 60
92,Thunderbolt Fantasy: Touriken Yuuki,"['Action', 'Adventure', 'Fantasy']",EN,Chap 34
93,Tiger & Bunny,"['Action', 'Sci-Fi', 'Seinen']",EN,Chap 25
94,Tokimeki Midnight,"['Romance', 'Shoujo', 'Supernatural']",JA,Chap 28
95,Tokyo Ravens: Sword of Song,"['Action', 'Comedy', 'School']",JA,Chap 21
96,Ume to Momo no Futsuu no Kurashi,"['Comedy', 'Slice of Life']",EN,Chap 11
97,Umimachi Diary,"['Shoujo', 'Slice of Life', 'Drama']",EN,Chap 8
98,Under Prin,"['Action', 'Comedy', 'Demons']",EN,Chap 326
99,Unkai no Tabibito,"['Action', 'Fantasy', 'Shounen']",JA,Chap 10
100,Usakame,"['Comedy', 'School', 'Sports']",JA,Chap 12
101,Wadaiko†Girls,"['Comedy', 'School', 'Slice of Life']",JA,Chap 12
102,Wana Girl,"['Seinen', 'Slice of Life']",JA,Chap 49
103,Wondance,"['Romance', 'School', 'Sports']",JA,Chap 48
104,Wonder!,"['Drama', 'Slice of Life', 'Josei']",EN,Chap 13.5
105,Yandere Kanojo ni Nemurasete Moraenai Hanashi,"['Comedy', 'Drama', 'Romance']",EN,Chap 35
106,Yura-kun no 10% ni wa Himitsu ga Aru,"['Romance', 'School', 'Shoujo']",nedoločen,nedoločen
107,Zipang: Shinsou Kairyuu,"['Drama', 'Historical', 'Seinen']",JA,Chap 226
108,"""Aoi"" When Hikaru was on the earth","['School', 'Shounen', 'Supernatural']",EN,Chap 15
109,"""How Many People Did I Kill?""",['Mystery'],JA,Chap 18
110,"""Ippon"" again!","['Martial Arts', 'Shounen', 'Slice of Life']",JA,Chap 212
111,"""I… Don't Want to Work Anymore"" I Quit Being an Adventurer. Even if You Treat Me Better Now, I Won't Do It. I Will NEVER Work Again.","['Adventure', 'Fantasy']",EN,Chap 14
112,"""Kodomo wo Koroshite Kudasai"" to Iu Oya-tachi","['Drama', 'Seinen']",JA,Chap 24.5
113,"""Love"" Will be in Full Bloom!","['Comedy', 'Romance', 'School']",EN,Chap 21
114,"""Nobukuni-san"" Does She Like Me?","['Comedy', 'Ecchi', 'Romance']",EN,Chap 53
115,"""X"" Method In The Dead Of Night","['Mystery', 'Seinen', 'Supernatural']",EN,Chap 27
116,#Blessed,['Drama'],EN,Chap 80
117,#Buzz Game,"['Action', 'Shounen']",JA,Chap 10
118,#DRCL midnight children,"['Drama', 'Horror', 'Seinen']",EN,Chap 36
119,#DRCL Midnight Children,"['Historical', 'Horror', 'Seinen']",JA,Chap 10
120,10-nen Goshi no HikiNEET wo Yamete Gaishutsu shitara Jitakugo to Isekai ni Tenishiteta,"['Fantasy', 'Seinen']",JA,Chap 7
121,100,"['Action', 'Adventure', 'Drama']",EN,Chap 46
122,100% Perfect Girl,"['Drama', 'Psychological', 'Romance']",EN,Chap 165
123,"100,000 Levels of Body Refining : All the dogs I raise are the Emperor","['Action', 'Harem', 'Martial Arts']",EN,Chap 228
124,100-Year-Old Top Chef,"['Drama', 'Fantasy', 'Shoujo']",EN,Chap 24
125,1000,['Action'],EN,Chap 16
126,1000 Yen Hero,"['Action', 'Comedy', 'School']",EN,Chap 52.5
127,101 Lovers Pet,['Romance'],EN,Chap 47
128,1031 All Saints Street,"['Comedy', 'Fantasy', 'Slice of Life']",EN,Chap 413
129,10th Dimension Boys,"['Comedy', 'Slice of Life']",EN,Chap 119
130,11 of Me,"['Adventure', 'Comedy', 'Drama']",EN,Chap 6
131,1111 Animals,['Comedy'],EN,Chap 110
132,1122: For a Happy Marriage,"['Drama', 'Romance', 'Seinen']",EN,Chap 42
133,12 Beast,"['Action', 'Adventure', 'Comedy']",EN,Chap 34
134,12-Sai,"['Drama', 'Romance', 'Slice of Life']",nedoločen,nedoločen
135,13 Club,"['Action', 'Drama', 'Mystery']",nedoločen,nedoločen
136,13 Sentinels: Aegis Rim Official Comic Anthology,"['Romance', 'Sci-Fi', 'Shounen']",EN,Chap 12
137,13-kaime no Ashiato,"['Drama', 'Mystery']",JA,Chap 6
138,14 Juicy,"['Comedy', 'Ecchi', 'School']",EN,Chap 34.5
139,"15 Minutes 'Til They Actually Start Dating, Majide Tsukiau 15 Minutes Ago","['Comedy', 'Doujinshi', 'Romance']",EN,Chap 45
140,15 Minutes Before We Seriously Go Out,"['Comedy', 'Romance', 'Shoujo']",nedoločen,nedoločen
141,16 years old and a new start of lovely married life,"['Romance', 'School', 'Shoujo']",EN,nedoločen
142,"16-Sai no Haha ~ Josan-shi ga Mita, Kiseki no Shussan Monogatari ~",['Drama'],JA,Chap 6
143,1HP Club,['Fantasy'],EN,Chap 110
144,"2 Eclats, 10 Secondes 01",['Shounen'],nedoločen,nedoločen
145,2.5 Dimensional Seduction,"['Comedy', 'Drama', 'Romance']",nedoločen,nedoločen
146,2.5D Seduction,"['Comedy', 'Ecchi', 'Harem']",EN,Chap 142
147,20 Years Old Beyond the Line,['Seinen'],nedoločen,Chap 37
148,200% In Love,"['Comedy', 'Drama', 'Josei']",EN,Chap 62
149,2015: Space Series,"['Drama', 'Psychological', 'Sci-Fi']",EN,Chap 14
150,20th Century Boys,"['Drama', 'Historical', 'Mystery']",EN,Chap 249
151,20XX Level Up Disaster -A New Power Given by God-,"['Action', 'Adventure', 'Fantasy']",JA,Chap 37
152,21 Emon,"['Adventure', 'Comedy', 'Kids']",JA,Chap 51
153,21st Century Boys,"['Drama', 'Mystery', 'Psychological']",EN,Chap 16
154,21st Century Knights,['Fantasy'],EN,Chap 50
155,23-Wards Tokyo Majo,"['Adventure', 'Drama', 'Shounen']",EN,Chap 9
156,3x3 Eyes: Genjuu no Mori no Sounansha,"['Action', 'Adventure', 'Drama']",EN,Chap 1
157,4 - Thousand - Fold Man,"['Adventure', 'Comedy', 'Ecchi']",JA,Chap 29
158,4 Cut Hero,"['Action', 'Adventure', 'Comedy']",EN,Chap 176
159,4-koma Chibi Maruko-chan,"['Comedy', 'Slice of Life']",JA,nedoločen
160,4.5 Tatami Mat Alternate World Cultural Exchange Chronicles,"['Comedy', 'Ecchi', 'Fantasy']",EN,Chap 16
161,48 Hours a Day,"['Action', 'Fantasy', 'Shounen']",EN,Chap 45
162,4Life,"['Action', 'Fantasy']",nedoločen,nedoločen
163,5 Centimeters Per Second,"['Drama', 'Romance', 'Seinen']",EN,Chap 11
164,5 Evils,"['Action', 'Demons', 'Fantasy']",EN,Chap 2
165,5 Seconds Before the Witch Falls in Love,"['Comedy', 'Fantasy', 'Shoujo Ai']",EN,Chap 3.5
166,5-nin no Ou,"['Drama', 'Fantasy', 'Historical']",EN,Chap 35
167,51 Ways to Save Her,"['Action', 'Drama', 'Psychological']",EN,Chap 49
168,5Cm Per Second,"['Drama', 'Romance', 'School']",nedoločen,nedoločen
169,6-Banme No Satsujin,"['Horror', 'Romance']",nedoločen,nedoločen
170,"66,666 Years: Advent of the Dark Mage","['Action', 'Adventure', 'Demons']",EN,Chap 100
171,7 Seeds,"['Action', 'Adventure', 'Drama']",JA,Chap 18
172,7FATES: CHAKHO,"['Action', 'Drama', 'Fantasy']",EN,Chap 52
173,7th Demon Prince Jilbagias’ Chronicle of Demon Kingdom Toppling,"['Action', 'Adventure', 'Comedy']",EN,Chap 3
174,A Bittersweet Life,"['Comedy', 'Romance', 'Slice of Life']",EN,Chap 161
175,A black gyaru is coming!,"['Comedy', 'Ecchi', 'Romance']",EN,Chap 35
176,A Bona fide Killer,"['Action', 'Drama', 'Josei']",EN,Chap 12
177,A Bouquet for an Ugly Girl,"['Comedy', 'Romance', 'School']",EN,Chap 72
178,A Boy Raised By Gods Will Be the Strongest,"['Action', 'Adventure', 'Fantasy']",JA,Chap 38
179,A Boy Sensitive to Cold & a Hard-Boiled Girl,"['Comedy', 'Romance', 'School']",EN,Chap 5
180,"A Boy Who Has Been Reincarnated Twice Spends Peacefully As An S-Rank Adventurer, ~ I Who Was A Sage And A Hero Of Previous World, Will Live In Peacefullness In The Next World~","['Action', 'Adventure', 'Fantasy']",EN,Chap 34
181,A Boy Who Loves Genderswap Got Genderswapped so He Acts out His Ideal Genderswap Girl,"['Comedy', 'Gender Bender']",EN,Chap 33
182,A Boy's Scar,"['Drama', 'Slice of Life', 'Vampire']",EN,Chap 17
183,"A brave man trained by the worst demon king, unrivaled in the school of returnees from another world","['Action', 'Adventure', 'Magic']",EN,Chap 11
184,A Breakthrough Came Out by Forbidden Master and Disciple,"['Action', 'Adventure', 'Comedy']",EN,Chap 18
185,A Bride's Story,"['Drama', 'Historical', 'Romance']",EN,Chap 105
186,A Brief History of Robo sapiens,"['Sci-Fi', 'Seinen']",EN,Chap 13
187,A Budgie's Life,['Slice of Life'],EN,Chap 296
188,A Business Proposal,"['Comedy', 'Drama', 'Romance']",EN,Chap 102
189,A Cat and a Bird,"['Drama', 'Psychological', 'Shoujo']",EN,Chap 10
190,A Cat That Loved a Fish,"['Romance', 'Shoujo']",EN,Chap 1
191,A Cat-girl Passing the Days,"['Comedy', 'Seinen', 'Slice of Life']",EN,Chap 117
192,A Centaur's Life,"['Fantasy', 'Seinen', 'Slice of Life']",EN,Chap 177.5
193,A Certain Scientific Accelerator,"['Fantasy', 'School', 'Super Power']",EN,Chap 63
194,A Certain Scientific Mental Out,"['School', 'Sci-Fi', 'Super Power']",EN,Chap 19.5
195,A Certain Scientific Railgun,"['Action', 'Comedy', 'Sci-Fi']",EN,Chap 147
196,A Certain Scientific Railgun: Astral Buddy,"['School', 'Sci-Fi']",EN,Chap 30
197,A Chance At Last,"['Drama', 'Fantasy', 'Romance']",EN,Chap 69
198,A Channel,"['Comedy', 'School', 'Seinen']",EN,Chap 122
199,A Comic Artist’s Survival Guide,"['Action', 'Adventure', 'Fantasy']",EN,Chap 24
200,A Comics History of Japan,['Historical'],JA,Chap 91.5
201,A Concubine’s Daughter and Her Tactics,"['Drama', 'Historical', 'Romance']",EN,Chap 15
202,A Condition Called Love,"['Romance', 'School', 'Shoujo']",EN,Chap 49
203,A Corporate Slave in a World Full of Dungeons Acquires the Innate Skill Greed and Becomes the Strongest Balance Breaker~i Quit My Job to Live a Carefree Life~,"['Action', 'Fantasy', 'Magic']",EN,Chap 16
204,A Corporate Slave Office Lady Takes a Breather,['Comedy'],EN,Chap 15
205,A Country of Maestri,"['Action', 'Drama', 'Fantasy']",EN,Chap 195
206,A Couple of Cuckoos,"['Comedy', 'Harem', 'Romance']",EN,Chap 168
207,"A Court Magician, Who Was Focused On Supportive Magic Because His Allies Were Too Weak, Aims To Become The Strongest After Being Banished","['Action', 'Adventure', 'Fantasy']",EN,Chap 80
208,A coward is incapable of exhibiting love; it is the prerogative of the brave.,"['Comedy', 'Slice of Life']",EN,Chap 10
209,A Cup of Coffee,"['Romance', 'Seinen', 'Slice of Life']",EN,Chap 30
210,A Cursed Sword's Daily Life,"['Comedy', 'Fantasy']",EN,Chap 110
211,A Cute Girl with Nasty Look,"['Comedy', 'Romance', 'School']",EN,Chap 66
212,A Cute Girlfriend,"['Mystery', 'Psychological', 'Romance']",EN,Chap 21
213,A Cute Guy,"['Romance', 'Shoujo']",EN,Chap 23
214,A Dance of Swords in the Night,"['Action', 'Adventure', 'Drama']",EN,Chap 47
215,A Dark Elf with a Slightly Overwhelming Love Chased Me All the Way from Another World,"['Comedy', 'Fantasy', 'Romance']",EN,Chap 3
216,A Day In The Life Of The Shield Hero,"['Adventure', 'Comedy', 'Fantasy']",EN,Chap 22.5
217,A DeadbEAT's Meal,"['Drama', 'Romance', 'Shounen']",EN,Chap 82
218,A Deceitful Marriage,"['Comedy', 'Josei', 'Romance']",JA,Chap 27
219,A Destructive God Sits Next to Me,"['Comedy', 'Josei', 'School']",EN,Chap 54
220,A Devil and Her Love Song,"['Drama', 'Romance', 'School']",EN,Chap 91
221,A Diffusion Disease,"['Adventure', 'Drama', 'Psychological']",EN,Chap 9
222,A Direction of the Day After Tomorrow,"['Drama', 'Fantasy', 'Slice of Life']",EN,Chap 21.2
223,A Divorced Evil Lady Bakes Cakes,"['Comedy', 'Historical', 'Romance']",EN,Chap 1
224,A Drift Girl and a Noble Moon,"['Comedy', 'Historical', 'School']",EN,Chap 7
225,A dungeon appeared on the earth that day,"['Action', 'Adventure', 'Fantasy']",JA,Chap 15
226,A dungeon harem to build with elf-slaves - I'm going to sleep with them in another world and make more friends,"['Action', 'Adventure', 'Comedy']",JA,Chap 10
227,A Fake Affair,['Romance'],EN,Chap 5
228,A Farewell's Love That Begins With A Bet,"['Comedy', 'Romance']",EN,Chap 13
229,A Female Warrior Who Fell to the Goblin Kingdom,"['Action', 'Adventure', 'Fantasy']",EN,Chap 8
230,A Fine and Bright Day,"['Comedy', 'Slice of Life']",EN,Chap 13
231,A Fool and a Girl,"['Fantasy', 'Josei', 'Romance']",nedoločen,Chap 27
232,A Former Assassin Was Reborn as a Noble's Daughter,"['Comedy', 'Fantasy', 'Romance']",EN,Chap 5
233,A Former Brave Resident In The Dungeon,"['Action', 'Comedy', 'Fantasy']",EN,Chap 45
234,A former brave resident in the dungeon,"['Action', 'Ecchi', 'Fantasy']",EN,Chap 34
235,"A Former Child Soldier Who Uses a Magic Sword Wants to Live With a Missy, the Former Enemy Leader.","['Action', 'Adventure', 'Fantasy']",EN,Chap 25
236,A Former Hero Returning From Another World Gets Involved in a Death Game,"['Comedy', 'Fantasy', 'Horror']",EN,Chap 12
237,A Gate Opened on My First Day as a Politician,"['Drama', 'Fantasy', 'Shounen']",EN,Chap 46
238,A Gentle Breeze in the Village,"['Drama', 'Romance', 'Shoujo']",JA,Chap 69.3
239,A Gentle Noble's Vacation Recommendation,"['Adventure', 'Fantasy', 'Slice of Life']",EN,Chap 41
240,A Girl & Her Guard Dog,"['Romance', 'School', 'Shoujo']",EN,Chap 36
241,A Girl on the Shore,"['Drama', 'Psychological', 'Romance']",EN,Chap 20
242,A Girl Who Was Told “You Have No Talent” Turned Out To Be A Talented Monster,"['Action', 'Adventure', 'Comedy']",JA,Chap 8
243,A Girl With an Empty Heart and Fragments of a Rainbow,"['Adventure', 'Drama', 'Fantasy']",EN,Chap 6
244,A Goddess Becoming Useless Due to an Overly Caring Man,"['Comedy', 'Slice of Life', 'Supernatural']",EN,Chap 5
245,A good-natured craftsman's trip to another world,"['Adventure', 'Comedy', 'Fantasy']",JA,Chap 37
246,A Grandcross Story,"['Action', 'Drama', 'Fantasy']",EN,Chap 26
247,"A great man who does not appear in magic history ~Because he was dismissed from the Ministry of Magic for his futile research, he was able to monopolize the privilege to new magic all to himself~","['Action', 'Adventure', 'Comedy']",JA,Chap 39
248,"A Great Man, the Leader of the Pack","['Action', 'Drama', 'Shounen']",EN,Chap 55
249,A Happy Couple,"['Comedy', 'Doujinshi', 'Romance']",JA,nedoločen
250,A Happy Ending for Villains,"['Drama', 'Fantasy', 'Romance']",EN,Chap 33
251,A happy ending isn't necessary for our love,"['Josei', 'Romance', 'Slice of Life']",EN,Chap 12
252,A Harem in the Fantasy World Dungeon,"['Action', 'Adventure', 'Fantasy']",EN,Chap 75
253,A Heartfelt Andante,['Drama'],EN,Chap 25
254,A Heroic Tale About Starting With a Personal Relations Cheat(Ability) and Letting Others Do the Job,"['Action', 'Adventure', 'Magic']",JA,Chap 16
255,A High School Girl and A Private Teacher,"['Comedy', 'Romance', 'Slice of Life']",EN,Chap 14
256,A High School Girl Raises A Corporate Slave,"['Comedy', 'Romance', 'Shounen']",EN,Chap 31
257,A Hundred Ways To Abuse A Slag,"['Action', 'Adventure', 'Fantasy']",EN,Chap 9
258,A Kiss for the Girls' Scars,['Fantasy'],EN,Chap 16
259,"A Kiss, For Real","['Comedy', 'Drama', 'Romance']",EN,Chap 37
260,A Lazy Guy Woke Up As A Girl One Morning,"['Comedy', 'Gender Bender', 'School']",EN,Chap 22.2
261,A Legend of Ultimate Hot Rodder,"['Action', 'Cars', 'Seinen']",EN,Chap 267
262,A Letter to the Sky,"['Drama', 'Josei']",EN,Chap 47
263,A Life Turned Upside Down: My Dad's an Alcoholic,['Drama'],EN,Chap 11.5
264,A Little Love Story,"['Drama', 'Romance', 'Slice of Life']",EN,Chap 5
265,A Little Snow Fairy Sugar,"['Fantasy', 'School', 'Shounen']",EN,Chap 14
266,A Love Letter and a 13-Year-Old Actress,"['Drama', 'Romance', 'Seinen']",JA,Chap 6
267,A Love Letter for the Marching Puppy,"['Drama', 'Military', 'School']",EN,Chap 26
268,A Loving Existence,"['Comedy', 'Drama', 'Romance']",EN,Chap 65
269,A Man & His Cat,['Slice of Life'],EN,Chap 73
270,A Man of Great Infatuation,"['Drama', 'Romance', 'Yaoi']",EN,Chap 15
271,A Man Who Has Become a Transcendental Person Walks Around the Other World at His Own Pace,"['Action', 'Adventure', 'Fantasy']",JA,Chap 33
272,A Man With a Thousand Skills 1000,"['Action', 'Adventure', 'Fantasy']",EN,Chap 61
273,A Man's Man,"['Action', 'Drama', 'Sci-Fi']",EN,Chap 116
274,A Manga About a Demon Lord Who Wants to Be Defeated by the Hero Quickly,"['Comedy', 'Fantasy', 'Shounen']",EN,Chap 3
275,A Manga About a Stereotypical PE Teacher Who Dies at the Start of a School Horror Movie,"['Comedy', 'Horror']",EN,Chap 68.5
276,A Mark Against Thee,"['Drama', 'Mystery', 'Psychological']",EN,Chap 7
277,A Marriage Contract with Two Husbands,"['Fantasy', 'Romance']",EN,Chap 19
278,A Meal Makes Her Forget,"['Comedy', 'Seinen', 'Slice of Life']",JA,Chap 146
279,A Memorandum About Me and the Witch,"['Drama', 'Fantasy', 'Romance']",EN,Chap 4
280,A Middle-aged Man Who Returned From Another World Becomes Unrivaled In The Apocalyptic World,"['Action', 'Fantasy', 'Horror']",EN,Chap 7
281,"A Middle-aged Sorcerer's Leisurely Dungeon Conquest - I Got the Strongest Skill by Using a Skill Orb, so I Think I'll Live as I Please~",['Fantasy'],JA,Chap 7
282,A Midnight Opera,"['Action', 'Adventure', 'Drama']",EN,nedoločen
283,A Modern Man Who Got Transmigrated Into the Murim World,"['Action', 'Adventure', 'Fantasy']",EN,Chap 18
284,A Modern Man Who Got Transmigrated Into the Murim World,"['Action', 'Drama', 'Fantasy']",EN,Chap 32
285,A Modern Man Who Transmigrated Into the Murim World,"['Action', 'Drama', 'Fantasy']",EN,Chap 35
286,A Monster Wants to Eat Me,"['Drama', 'Seinen', 'Shoujo Ai']",EN,Chap 31
287,A Mother In Her 30S Like Me Is Alright?,"['Comedy', 'Romance']",EN,Chap 14
288,A Mouthful of My L0li Master’s Milk Makes Me Unparalleled,"['Action', 'Drama', 'Historical']",EN,Chap 23
289,A Neat and Pretty Girl at the Transfer Destination Was a Childhood Friend Who Used to Think That She Was a Boy and Played With Her,"['Comedy', 'Romance', 'School']",EN,Chap 14
290,A Normally Dowdy Man Is in Essence the Mightiest War-God,"['Action', 'Adventure', 'Fantasy']",EN,Chap 6
291,A Poem of The Empire and A Thousand Piles of Snow,"['Drama', 'Fantasy', 'Historical']",EN,Chap 43
292,A Prince of a Friend,"['Comedy', 'Romance', 'School']",EN,Chap 5
293,A Queen’s Law of Survival,"['Drama', 'Fantasy', 'Romance']",nedoločen,Chap 189
294,A Rabbit Down in a Bite,"['Shoujo', 'Shounen Ai', 'Slice of Life']",EN,Chap 116
295,A Returner's Magic Should Be Special,"['Action', 'Fantasy', 'Magic']",EN,Chap 230
296,A Rough Lady is Being Deceived,"['Comedy', 'Ecchi', 'School']",EN,Chap 32
297,A Royal Princess with Black Hair,"['Comedy', 'Fantasy', 'Romance']",EN,Chap 53
298,"A scary boss, but from now on she's going to be happier and happier","['Comedy', 'Drama', 'Romance']",EN,Chap 10
299,A School Frozen in Time,"['School', 'Shounen', 'Slice of Life']",EN,Chap 17
300,A Scummy Gap Student With a Hard Life Calls Upon a Lady of the Night,"['Comedy', 'Romance']",EN,Chap 54
301,A Sea of Conflicts,"['Drama', 'Romance', 'Shounen Ai']",EN,Chap 21
302,A Second Time for an Otherworld Summonin,"['Action', 'Adventure', 'Comedy']",EN,Chap 41
303,A Sheep in Wolf’s Clothing,"['Comedy', 'Fantasy', 'Historical']",EN,Chap 20
304,A Side Character's Love Story,"['Drama', 'Josei', 'Romance']",EN,Chap 79
305,A Sign of Affection,"['Romance', 'Shoujo']",EN,Chap 37
306,A Silent Voice,"['Drama', 'School', 'Shounen']",EN,Chap 62
307,A single aristocrat enjoys a different world ~ The graceful life of a man who never gets married ~,"['Comedy', 'Fantasy', 'Romance']",EN,Chap 4
308,A Skeleton Who Was the Brave,"['Action', 'Adventure', 'Comedy']",JA,Chap 35
309,A Small Lie,"['Mystery', 'Psychological']",EN,Chap 8
310,A Spirit of the Sun,"['Drama', 'Sci-Fi', 'Seinen']",EN,Chap 63
311,A Springtime with Ninjas,"['Comedy', 'Martial Arts', 'Romance']",EN,Chap 11.5
312,"A Story About a Dragon and the Rising of an Adventurer ~ A Healer Who Was Seen as Useless and Was Kicked Out From an S Rank Party, Goes off to Revive the Strongest Dragon in an Abandoned Area","['Adventure', 'Comedy', 'Fantasy']",EN,Chap 17
313,A Story About A Grandpa And Grandma Who Returned Back To Their Youth,"['Comedy', 'Fantasy', 'Romance']",EN,Chap 96.2
314,A Story About a Guild Official Who Is Reassigned to a New Guild in the Frontier,"['Adventure', 'Fantasy', 'Slice of Life']",JA,Chap 2
315,"A Story About a Hero Exterminating a Dragon-Class Beautiful Girl Demon King, Who Has Very Low Self-Esteem, With Love!","['Ecchi', 'Fantasy']",JA,Chap 43
316,"A Story About a Man and a Woman and When They Sleep Together, Money Appears Out of Nowhere, Anna Koto ya Sonna Koto wo shite Okane wo Kasegu Danjo","['Comedy', 'Romance', 'Slice of Life']",EN,Chap 24
317,A Story About a Very Ordinary Couple,"['Josei', 'Romance', 'Slice of Life']",EN,Chap 24
318,A Story About Doing XX to Girls From Different Species,"['Comedy', 'School', 'Supernatural']",EN,Chap 42
319,A Story About Smoking at the Back of the Supermarket,"['Comedy', 'Romance']",EN,Chap 18
320,"A Story About Wanting to Commit Suicide, but It's Scary so I Find a Yandere Girl to Kill Me, but It Doesn't Work","['Comedy', 'Romance', 'School']",EN,Chap 60
321,A story of an unlikely love,"['Romance', 'School', 'Shoujo']",EN,Chap 8.5
322,A Story of Taking Home a Lonely Gal from My Class and Turning Her into an Elegant Beauty,"['Comedy', 'Romance', 'Shounen']",EN,Chap 6
323,A Story Read on the Day You've Fallen in Love,"['Comedy', 'Drama', 'Romance']",JA,Chap 34.5
324,A Strange World,"['Action', 'Adventure', 'Fantasy']",EN,Chap 47
325,A Suffocatingly Lonely Death,"['Drama', 'Mystery', 'Psychological']",JA,Chap 34
326,A Sugar Daddy in another world,"['Fantasy', 'Harem', 'Romance']",JA,Chap 20
327,A Summer Night's Dream,"['Comedy', 'Drama', 'Fantasy']",EN,Chap 86
328,A Sweet and Bitter Couple,"['Comedy', 'Drama', 'Romance']",EN,Chap 65
329,"A Sword Master Childhood Friend Power Harassed Me Harshly, So I Broke Off Our Relationship And Make A Fresh Start At The Frontier As A Magic Swordsman.","['Action', 'Adventure', 'Fantasy']",EN,Chap 19
330,A Tale of the Secret Saint,"['Action', 'Adventure', 'Fantasy']",EN,Chap 36
331,A Talented Maid,"['Fantasy', 'Romance']",EN,Chap 51
332,A Tender Heart: The Story of How I Became a Duke's Maid,"['Fantasy', 'Romance']",nedoločen,Chap 104
333,A Terrified Teacher at Ghoul School,"['Comedy', 'School', 'Supernatural']",EN,Chap 103
334,A Thousand and One Night,"['Comedy', 'Fantasy']",JA,Chap 11
335,A Town Where You Live,"['Drama', 'Ecchi', 'Romance']",EN,Chap 261
336,A Town Where You Live: Specials (Chapter 200),"['Ecchi', 'Romance']",EN,Chap 6.2
337,A Trace of You,"['Drama', 'Romance', 'Shounen Ai']",EN,Chap 23
338,A transmigration vampire would like to take a nap,"['Adventure', 'Comedy', 'Fantasy']",JA,Chap 60
339,A tropical fish yearns for snow,"['School', 'Seinen', 'Shoujo Ai']",EN,Chap 33.5
340,A True Martial World,"['Action', 'Drama', 'Fantasy']",EN,Chap 44
341,A Useless Idol and the Only Fan in the World,"['Comedy', 'Romance', 'Shounen']",EN,Chap 7
342,A Useless Villain,"['Action', 'Comedy', 'Mystery']",EN,Chap 44
343,A User of Green Magic and Fragrance,"['Adventure', 'Fantasy', 'Romance']",EN,Chap 15
344,"A Vampire Called ""God""","['Drama', 'Supernatural', 'Vampire']",EN,Chap 26.5
345,A Vampire Family Days,"['Comedy', 'Shounen', 'Slice of Life']",JA,Chap 18
346,A Very Fairy Apartment,"['Comedy', 'Slice of Life', 'Supernatural']",EN,Chap 37.2
347,"A Very Popular Idol Classmate Has Taken a Liking to Me, A Person Who Doesn’t Want to Work for Whole Life","['Comedy', 'Romance', 'School']",EN,Chap 5
348,A Veterinarian in Another World,['Fantasy'],EN,Chap 68
349,A Villager and a Devil Girl,"['Comedy', 'Demons', 'Fantasy']",EN,Chap 34.5
350,A Villain's Dilemma: How to Not Meddle too Much with a Clumsy Holy Knight's Life,"['Action', 'Comedy', 'Fantasy']",EN,Chap 11
351,A Villainess for the Tyrant,"['Comedy', 'Drama', 'Fantasy']",EN,Chap 104
352,A Villainess Is a Good Match for the Tyrant,"['Drama', 'Fantasy', 'Historical']",nedoločen,Chap 90
353,"A Villainess? No, A Heinous Young Lady","['Fantasy', 'Romance', 'School']",EN,Chap 7
354,"A Villainess? No, a Heinous Young Lady","['Adventure', 'Fantasy', 'Romance']",JA,Chap 35
355,A Warrior Exiled by the Hero and His Lover,"['Action', 'Adventure', 'Fantasy']",EN,Chap 21
356,A Whirlwind Campus Affair,"['Drama', 'Romance', 'Shoujo']",EN,Chap 66
357,A Whisker Away,"['Comedy', 'Drama', 'Romance']",EN,Chap 3
358,A White Mage Syrup-san,"['Comedy', 'Ecchi', 'Fantasy']",EN,Chap 44
359,"A white mage who was exiled after being handed a knife in an SSS rank dungeon. Due to the curse of Yggdrasil, he overcame his weak point, lack of magical power, and became the strongest in the world","['Action', 'Adventure', 'Comedy']",JA,Chap 6
360,"A white mage who was exiled after being handed a knife in an SSS rank dungeon. Due to the curse of Yggdrasil, he overcame his weak point, lack of magical power, and became the strongest in the world","['Action', 'Adventure', 'Fantasy']",EN,Chap 4
361,A White Rose in Bloom,"['Drama', 'Josei', 'Shoujo Ai']",EN,Chap 9
362,A Wicked Tale of Cinderella's Stepmom,"['Drama', 'Fantasy', 'Historical']",EN,Chap 40
363,A Witch's Life In A Six-Tatami Room,"['Fantasy', 'Shounen', 'Slice of Life']",EN,Chap 20
364,A Witch's Printing Office,"['Comedy', 'Fantasy']",EN,Chap 25.5
365,A Woman Who Will Mess Up Your Emotions,"['Comedy', 'Shounen', 'Slice of Life']",JA,Chap 10
366,A World Ruled by Cats,"['Drama', 'Fantasy', 'Romance']",EN,Chap 80
367,A World Where Everything Definitely Becomes Bl Vs. The Man Who Definitely Doesn't Want To Be In A Bl,"['Comedy', 'Shounen Ai']",EN,Chap 35.5
368,A World Without My Sister Who Everyone Loved,"['Fantasy', 'Romance', 'Shoujo']",EN,Chap 2
369,A Young Hitman Between Heaven And Earth.,"['Action', 'Demons', 'Seinen']",EN,Chap 33
370,A Younger Brother Who Had Become Ridiculously Strong After Training as His Sister Told Him to Do,"['Adventure', 'Fantasy']",JA,Chap 19
371,A! Yasei No Ojou-sama Ga Tobidashite Kita!!,"['Adventure', 'Comedy']",JA,Chap 13
372,"A, Abe Reiji desu. Beyond the Average","['Comedy', 'Seinen']",JA,Chap 9
373,"A, Sore Pon desu!","['Comedy', 'School', 'Shounen']",JA,Chap 23.5
374,A-bout!,"['Action', 'Comedy', 'School']",nedoločen,nedoločen
375,A-bout!,"['Action', 'Comedy', 'School']",EN,Chap 165
376,A-Bout! Surf,"['Action', 'Comedy', 'Seinen']",JA,Chap 29
377,A-bout!!: Asagiri Daikatsuyaku-hen,"['Action', 'Comedy', 'School']",JA,Chap 27
378,"A-Kun (17) No Sensou - I, The Tycoon?","['Action', 'Adventure', 'Comedy']",EN,Chap 5
379,A-Rank Boukensha No Slow Life,"['Adventure', 'Fantasy', 'Magic']",EN,Chap 33
380,"A-Rank Party wo Ridatsu shita Ore wa, Moto Oshiego-tachi to Meikyuu Shinbu wo Mezasu","['Action', 'Adventure', 'Fantasy']",EN,Chap 74
381,A. - Answer,"['Mystery', 'Romance', 'School']",JA,Chap 12.5
382,A.I. Doctor,"['Drama', 'Fantasy', 'Sci-Fi']",EN,Chap 85
383,Aa toka Uu shika Ienai,"['Comedy', 'Slice of Life']",EN,Chap 30
384,Aa! Seishun no Koushien,"['Shoujo', 'Sports']",EN,Chap 38
385,Aa!! Bishamon Koukou,['Sports'],EN,Chap 4
386,Aaa,"['Comedy', 'Romance', 'School']",EN,nedoločen
387,Abandon the old in TOKYO,['Seinen'],EN,Chap 8
388,Abandoned Bastard of the Royal Family,"['Adventure', 'Comedy', 'Drama']",EN,Chap 4
389,Abandoned Reincarnation Sage: Build the Strongest Monster Empire in the Monster Forest,"['Adventure', 'Fantasy']",EN,Chap 81
390,Abs Knight,"['Comedy', 'Fantasy', 'Romance']",EN,Chap 131
391,Absolute Duo,"['Action', 'Ecchi', 'Fantasy']",EN,Chap 22
392,Absolute Martial Arts,"['Action', 'Adventure', 'Comedy']",EN,Chap 82
393,Absolute Monarch Syndrome,"['Ecchi', 'Romance', 'Seinen']",EN,Chap 14
394,Absolute Necromancer,"['Action', 'Adventure', 'Fantasy']",EN,Chap 26
395,Absolute Submission,['Action'],EN,Chap 4
396,Absolute Sword Sense,"['Action', 'Adventure', 'Fantasy']",EN,Chap 44
397,Absorb; Ability,"['Action', 'Josei', 'Sci-Fi']",EN,Chap 8
398,Abunai Shuugaku Ryoukou,['Yaoi'],EN,Chap 4.5
399,Abyss Calling,"['Action', 'Adventure', 'Comedy']",JA,Chap 8
400,Abyss Rage,"['Action', 'Drama', 'Martial Arts']",EN,Chap 92
401,Academy’s Genius Swordmaster,"['Action', 'Drama', 'Fantasy']",EN,Chap 9
402,Academy’s Undercover Professor,"['Action', 'Adventure', 'Comedy']",EN,Chap 53
403,ACCA: 13-Territory Inspection Department,"['Drama', 'Fantasy', 'Police']",EN,Chap 18
404,Accel World,"['Action', 'Romance', 'School']",EN,Chap 42
405,Accel World / Dural - Magisa Garden,"['Action', 'School', 'Sci-Fi']",EN,Chap 60
406,Accept My Fist Of Love,"['Comedy', 'Shoujo Ai', 'Slice of Life']",EN,Chap 20.5
407,Acception,['Drama'],EN,Chap 228
408,Access,"['Action', 'Comedy', 'Doujinshi']",EN,Chap 3
409,Accidentally Became a God,['Action'],EN,Chap 27
410,Accomplice,"['Drama', 'Romance', 'Shounen']",EN,Chap 8
411,Accomplishments of the Duke's Daughter,['Fantasy'],EN,Chap 63
412,According To The Hero Who Returned From Another World,"['Action', 'Fantasy']",JA,Chap 16
413,Ace of the Diamond,"['Comedy', 'School', 'Shounen']",EN,Chap 412
414,Acid Flower,['Yaoi'],EN,Chap 9.5
415,Acid Town,"['Action', 'Drama', 'Shounen Ai']",EN,Chap 38
416,Acma:Game,"['Action', 'Psychological', 'School']",EN,Chap 59
417,Acony,"['Drama', 'Fantasy', 'Seinen']",EN,Chap 23.5
418,Act Like You Love Me!,"['Comedy', 'Drama', 'Romance']",EN,Chap 118
419,Act-age,"['Comedy', 'Drama', 'Psychological']",JA,Chap 123
420,Action Auto Hunting With My Clones,['Action'],EN,Chap 32
421,Action Idols,"['Action', 'Comedy', 'Drama']",EN,Chap 25
422,Action Mask,"['Action', 'Comedy']",EN,Chap 22
423,"Actually, Am I the Strongest?","['Adventure', 'Fantasy']",EN,Chap 63
424,Acursian,['Supernatural'],EN,Chap 26
425,Ad Astra - Scipio and Hannibal,"['Action', 'Historical', 'Military']",EN,Chap 81
426,Ad Astra Per Aspera,"['Comedy', 'Mecha', 'Sci-Fi']",EN,Chap 7
427,Adabana,"['Action', 'Adventure', 'Fantasy']",EN,Chap 1
428,Adachi and Shimamura,"['School', 'Shoujo Ai', 'Slice of Life']",nedoločen,nedoločen
429,Adachi and Shimamura,"['School', 'Shoujo Ai', 'Slice of Life']",EN,Chap 30.5
430,Adachi Night Club,"['Josei', 'Romance']",JA,Chap 10
431,Adam and Eve,"['Action', 'Drama', 'Seinen']",EN,Chap 15
432,Adam in Puberty,"['Action', 'Comedy', 'Ecchi']",EN,Chap 31
433,Adamas Witches,"['Comedy', 'Ecchi', 'Harem']",EN,Chap 58
434,Adarushan No Hanayome,"['Drama', 'Fantasy', 'Historical']",EN,Chap 8.5
435,Adashi Mono,"['Action', 'School', 'Shounen']",JA,Chap 15
436,Adashino-San Wa Sude Ni Shinderu,"['Comedy', 'Slice of Life', 'Supernatural']",EN,Chap 26
437,Addolorato,"['Comedy', 'Fantasy', 'Shoujo']",EN,Chap 1
438,Adekan,"['Action', 'Historical', 'Shoujo']",EN,Chap 34
439,Adele To Darius,"['Historical', 'Romance', 'Shoujo']",EN,Chap 1
440,Adeline's Deep Night,"['Fantasy', 'Josei', 'Romance']",EN,Chap 35
441,Admonition from an Elder Brother,"['Action', 'Romance', 'Shounen Ai']",EN,Chap 7.5
442,Adolte And Adarte,"['Drama', 'Historical', 'Seinen']",EN,Chap 1
443,Adonis Next Door,"['Comedy', 'Romance', 'Slice of Life']",EN,Chap 70
444,Adou,"['Action', 'Drama', 'Sci-Fi']",JA,Chap 12
445,Adultery Diner,"['Comedy', 'Ecchi', 'Seinen']",EN,Chap 141
446,Adults’ Picture Book Revised Edition,"['Drama', 'Seinen', 'Slice of Life']",JA,Chap 11
447,"Advanced Notice Criminal, Previously Noted Crimes","['Mystery', 'Police', 'Seinen']",EN,Chap 22
448,Advent of Snow White to Hell,['Comedy'],EN,Chap 22
449,Adventura,"['Adventure', 'Fantasy', 'School']",EN,Chap 16
450,Adventure Boys,['Slice of Life'],EN,Chap 7
451,Adventurer's Guild Universal Advisor,"['Action', 'Adventure', 'Ecchi']",JA,Chap 15
452,Adventures of God,['Comedy'],EN,Chap 684
453,Aegis in the Dawn,"['Action', 'Mystery', 'Seinen']",JA,Chap 48
454,Aekanaru,"['Drama', 'Romance', 'Slice of Life']",EN,Chap 38
455,Aerial Magic,['Fantasy'],EN,Chap 52.5
456,Aflame Inferno,"['Action', 'Adventure', 'Demons']",EN,Chap 50
457,Afo Guard,"['Comedy', 'Romance', 'School']",EN,Chap 50
458,Afro Samurai,['Samurai'],EN,Chap 10
459,After a Storm,['Yaoi'],EN,Chap 6
460,"After Becoming everyone’s Favorite, I went on a killing spree","['Action', 'Adventure', 'Drama']",EN,Chap 10
461,"After being deported from the country, I became the 4th enchanter in the world!","['Adventure', 'Fantasy']",JA,Chap 35
462,"After Being Kicked Out of Adventurers' Party for Being So Called Useless, I Developed a Skill Called ""Weakness Spotting""","['Action', 'Comedy', 'Fantasy']",EN,Chap 6
463,"After Being Reborn, I Became The Strongest To Save Everyone","['Action', 'Adventure', 'Drama']",EN,Chap 65
464,"After Defeating the Demon King, What Awaited Me Was a Lovey-Dovey Alchemical Life With a Caring Wife","['Comedy', 'Fantasy', 'Romance']",EN,Chap 2
465,"After Ditching the Tyrannical Saintess Who Was Also My Childhood Friend, Everything Fell Into Place and I Became the Top Adventurer","['Action', 'Adventure']",EN,Chap 3
466,After Friend,"['Comedy', 'Romance', 'Shoujo']",EN,nedoločen
467,After God,"['Action', 'Drama', 'Psychological']",EN,Chap 39
468,After Hours,"['Romance', 'Seinen', 'Shoujo Ai']",EN,Chap 17.5
469,"After Kissing Many Girls, I Became a Yuri Kisser...","['Comedy', 'Romance', 'Seinen']",EN,Chap 9
470,"After Reuniting with my Childhood Friend, It Turned Out Both of Us had Become Tiddy Monsters","['Comedy', 'Romance', 'Shounen']",EN,Chap 39
471,After School Bitchcraft,"['Ecchi', 'School', 'Seinen']",EN,Chap 14.5
472,"After School Labyrinth Adventurer ~I'm Now Able to Go Back and Forth Between Japan and Another World, and I'll Work Hard to Level Up~","['Action', 'Adventure', 'Comedy']",EN,Chap 8
473,After School Lessons for Unripe Apples,"['Comedy', 'Drama', 'Romance']",EN,Chap 95
474,After School Love Affairs,"['School', 'Seinen', 'Yuri']",EN,Chap 12
475,After School Mate,"['Drama', 'Shounen', 'Shounen Ai']",EN,Chap 10
476,After School Re-Reincarnation!,"['Fantasy', 'Slice of Life']",EN,Chap 6
477,After School Secret Club,"['Comedy', 'School', 'Shounen']",EN,Chap 7
478,After School! Iruma-kun,"['Comedy', 'Demons', 'Fantasy']",EN,Chap 310
479,After School! Iruma-kun,"['Comedy', 'Fantasy', 'School']",EN,Chap 23
480,"After Signing In For 30 Days, I Can Annihilate Stars","['Action', 'Adventure']",EN,Chap 79
481,"After Ten Years of Chopping Wood, Immortals Begged To Become My Disciples",['nedoločen'],EN,Chap 18
482,After the Adventure Is Cursed,"['Comedy', 'Fantasy', 'Romance']",JA,Chap 17
483,After The Child Sleeps,"['Romance', 'Shounen Ai', 'Slice of Life']",EN,nedoločen
484,After the Five Minutes,"['Action', 'Horror', 'Shounen']",EN,Chap 66
485,After the memories,"['Drama', 'Mystery', 'Seinen']",EN,Chap 13
486,After the Rain,"['Romance', 'Seinen']",EN,Chap 82
487,"After tormenting the Devil, I did not want to stand out, so I became a guild master","['Adventure', 'Ecchi', 'Fantasy']",JA,Chap 45
488,After Turning off a Light,['Yaoi'],EN,Chap 6
489,After War Gundam X Re:Master Edition,"['Action', 'Adventure', 'Comedy']",EN,Chap 10
490,After War Gundam X: Under the Moonlight,"['Action', 'Mecha', 'Sci-Fi']",EN,Chap 22
491,After-School At The Coffee Shop,['Romance'],EN,Chap 50
492,After-School Hanako-kun,"['Comedy', 'Parody', 'School']",EN,Chap 15
493,Afterschool Embankment Journal,"['Comedy', 'School', 'Seinen']",EN,Chap 49
494,Afterwords,"['Horror', 'Mystery']",EN,Chap 24
495,Afumi no Umi: Minamo ga Yureru Toki,"['Action', 'Drama', 'Fantasy']",nedoločen,nedoločen
496,Afuresou na Pool,"['School', 'Yaoi']",EN,Chap 33.5
497,Again My Life,"['Action', 'Drama', 'Supernatural']",EN,Chap 141
498,Again!!,"['Comedy', 'Romance', 'School']",EN,Chap 136
499,Against The Gods,"['Action', 'Adventure', 'Ecchi']",EN,Chap 590
500,Agatha,"['Drama', 'Historical', 'Josei']",EN,Chap 3
501,Age Matters,['Romance'],EN,Chap 154
502,Age Matters,"['Comedy', 'Romance']",EN,Chap 145
503,Age of Adventure,"['Adventure', 'Historical', 'Shounen']",EN,Chap 5
504,Age of Terror,['Action'],EN,Chap 44
505,Ageha 100%,"['Comedy', 'Romance', 'School']",EN,Chap 22
506,Agharta,"['Action', 'Drama', 'Sci-Fi']",EN,Chap 104
507,Agnes Kamen,"['Action', 'Seinen', 'Sports']",EN,Chap 86
508,Agravity Boys,"['Comedy', 'Sci-Fi', 'Shounen']",EN,Chap 51.2
509,Ah! My Job-Hunting Goddess,"['Comedy', 'Parody', 'Seinen']",JA,Chap 34
510,"Ah, My Next Job Is to Exterminate Monsters","['Action', 'Fantasy', 'Supernatural']",EN,Chap 2
511,Aharen Is Indecipherable,"['Comedy', 'School', 'Shounen']",EN,Chap 167
512,Ahiru's Sky,"['Drama', 'School', 'Shounen']",EN,Chap 245
513,Aho-Girl: Clueless Girl,"['Comedy', 'School', 'Shounen']",EN,Chap 130.5
514,Ai (Sendou Masumi),"['Drama', 'Ecchi', 'Romance']",EN,Chap 133
515,Ai Container,['Shoujo'],EN,nedoločen
516,Ai Deathgun,"['Drama', 'Shoujo', 'Supernatural']",EN,Chap 5.5
517,Ai ga Aru kara,"['Romance', 'Slice of Life', 'Yaoi']",EN,Chap 8
518,Ai ga Kami wo Korosu Toki,['Yaoi'],EN,Chap 3
519,Ai ga Love shite You Nano sa,"['Comedy', 'School', 'Shounen Ai']",EN,Chap 5.5
520,Ai ga Matteru,['Yaoi'],EN,Chap 5
521,Ai Hime: Ai to Himegoto,"['Drama', 'Romance', 'Shoujo']",EN,Chap 13.5
522,Ai Ni Yuku,"['Shounen Ai', 'Supernatural']",EN,Chap 2
523,Ai no Binzoko,['Yaoi'],EN,Chap 5.5
524,Ai no DNA,['Yaoi'],EN,Chap 6
525,Ai no Gebokutachi,"['Comedy', 'Yaoi']",EN,Chap 5
526,Ai no Joou: Butai Joyuu Satsujin Jiken,"['Drama', 'Mystery', 'Romance']",EN,Chap 4
527,Ai no Konseki,['Yaoi'],EN,Chap 6.5
528,Ai no Kotoba mo Shiranaide,"['Comedy', 'School', 'Yaoi']",EN,Chap 6.5
529,Ai Ore! Love Me!,"['Comedy', 'Drama', 'Gender Bender']",EN,Chap 23
530,Ai Ore! Love Me!,"['Comedy', 'Drama', 'Gender Bender']",EN,Chap 29
531,Ai to Kairaku no Jouken,['Yaoi'],EN,Chap 3
532,Ai to Yokubou wa Gakuen de,"['Drama', 'Romance', 'Yaoi']",EN,Chap 42
533,Ai Wa Noroi No Nihon Ningyou,"['Ecchi', 'Shounen', 'Supernatural']",EN,Chap 6
534,Ai wa Sekai wo Sukuu no ka!?,"['Comedy', 'Romance', 'Yaoi']",EN,Chap 6
535,Ai wo Choudai!,"['Comedy', 'Harem', 'Josei']",EN,Chap 16
536,Ai wo Kou Kemono,['Yaoi'],EN,Chap 7
537,Ai yori Aoshi,"['Comedy', 'Drama', 'Ecchi']",EN,Chap 140.5
538,Ai-Ren,"['Drama', 'Ecchi', 'Romance']",EN,Chap 43
539,Aibou wa Slime!? ~ Saikyou no Aibou wo Eta Boku ga Saikyou no Mahou wo Tsukatte Nariagaru ~ Raw  Facebook  Twitter,['Fantasy'],JA,Chap 14
540,Aibu De Jirashite,"['Josei', 'Romance']",EN,Chap 5.5
541,Aidin,"['Action', 'Drama', 'Josei']",EN,Chap 35
542,Aido,"['Drama', 'Seinen', 'Yuri']",EN,Chap 7.5
543,Aigan Shounen,"['Drama', 'Yaoi']",EN,Chap 5.5
544,Aiiro Shinwa,"['Drama', 'Romance', 'Shoujo']",EN,Chap 4
545,Aijin,['Yaoi'],EN,Chap 5.5
546,Aikagi-Kun To Shiawase Gohan,"['Comedy', 'Romance', 'Slice of Life']",EN,Chap 23
547,Aiki,"['Action', 'Harem', 'Martial Arts']",nedoločen,nedoločen
548,Aiki-S,"['Action', 'Adventure', 'Comedy']",EN,Chap 61
549,Aikotoba wa Hallelujah,['Yaoi'],EN,Chap 4.5
550,Aim for the Ace!,"['Drama', 'Romance', 'School']",EN,Chap 36
551,Aimane - How to Manage a Devil Girl,"['Comedy', 'Ecchi', 'Romance']",EN,Chap 13
552,"Aiming for the Deepest Part of the Labyrinth Thanks to ""The Vessel of Talent"": What Was Supposed to Be a Normal Progression of Skills Turned Out to Be an All-Purpose Cheat!","['Adventure', 'Fantasy']",EN,Chap 1
553,Aiming to Be an Orc Gentleman,"['Ecchi', 'Fantasy', 'Harem']",JA,Chap 2
554,Aioimusubi,"['Slice of Life', 'Yaoi']",EN,Chap 10.5
555,AiON,"['Demons', 'Fantasy', 'Mystery']",EN,Chap 44
556,Air Gear,"['Action', 'Comedy', 'Drama']",EN,Chap 357
557,Air Koi,"['Drama', 'Romance', 'School']",EN,Chap 5
558,Air Master,"['Action', 'Comedy', 'Martial Arts']",JA,Chap 221.2
559,Aire,"['Action', 'Adventure', 'Demons']",EN,Chap 57
560,Airin Dream,"['Action', 'Comedy', 'Drama']",EN,Chap 5
561,Airuika,"['Drama', 'Romance', 'Shoujo']",EN,nedoločen
562,Aisanai Otoko,['Yaoi'],EN,Chap 5
563,Aisanai to Iwaremashite mo,['Romance'],JA,Chap 4
564,Aisare Ouji No Isekai Honobono Seikatsu,"['Adventure', 'Comedy', 'Fantasy']",JA,Chap 13
565,Aisareru Hito e Tsugu,"['Drama', 'Shounen Ai', 'Yaoi']",EN,Chap 7
566,Aishitagari No Maison,"['Comedy', 'Romance', 'Shoujo']",EN,Chap 36
567,Aishite Baby,"['School', 'Yaoi']",EN,Chap 6.5
568,"Aishite Kudasai, Sensei","['Romance', 'Shoujo']",EN,Chap 2
569,Aishiteru Tte Itte Mo Ii Yo,"['Drama', 'Josei', 'Romance']",EN,Chap 9
570,"Aishiteru tte Iwanakya, Shinu.","['Harem', 'Horror', 'Mystery']",JA,Chap 9
571,Aishiteruze Baby,"['Comedy', 'Drama', 'Romance']",EN,Chap 33
572,Aishuu,"['Drama', 'Yaoi']",EN,Chap 7.5
573,Aishuu no Kanon,"['Drama', 'Historical', 'Yaoi']",EN,Chap 3
574,Aisopos,"['Adventure', 'Drama', 'Fantasy']",EN,Chap 130
575,Aisubeki Dokusaisha,"['Comedy', 'School', 'Yaoi']",EN,Chap 5
576,Aisubeki Fujitsu,['Yaoi'],EN,Chap 5
577,Aisuru Hito,"['Comedy', 'Drama', 'Josei']",EN,Chap 20
578,Aitsu no Heart ni Hi wo Tsukero!,['Yaoi'],EN,Chap 4
579,Aiura,"['Comedy', 'School', 'Slice of Life']",EN,Chap 45
580,Aiyoku no Canon,['Yaoi'],EN,nedoločen
581,Aiyoku No Eustia,"['Action', 'Horror', 'Romance']",EN,Chap 15
582,Aizawa-san Multiplies,"['Comedy', 'Harem', 'Romance']",EN,Chap 38
583,Ajin: Demi-Human,"['Action', 'Horror', 'Mystery']",EN,Chap 83
584,Aka No Haikyo,"['Drama', 'Horror', 'Romance']",EN,Chap 7
585,Aka no Washupiel,"['Historical', 'Shounen Ai']",EN,nedoločen
586,Akabane Honeko no Bodyguard,"['Action', 'Comedy', 'Romance']",JA,Chap 44
587,Akaboshi - Ibun Suikoden,"['Action', 'Adventure', 'Comedy']",EN,Chap 24
588,Akage no Toa to Tsume no Kishidan,"['Drama', 'Fantasy', 'Harem']",JA,Chap 2
589,Akagi,"['Action', 'Drama', 'Game']",EN,Chap 301
590,Akahime Ranshin,['Shoujo'],EN,nedoločen
591,Akai Hana,"['Drama', 'Historical', 'Supernatural']",EN,nedoločen
592,Akai Houseki No Himitsu,"['Josei', 'Romance']",EN,nedoločen
593,Akai Kami No Marure Ina,"['Comedy', 'Romance', 'Shoujo']",EN,nedoločen
594,Akai Kami Wa Yuuwaku No Shirushi,"['Drama', 'Josei', 'Mystery']",EN,Chap 5
595,Akai Koi,"['Slice of Life', 'Yaoi']",EN,Chap 16
596,Akai Me wo Shita Shounen wa,['Yaoi'],EN,Chap 7
597,Akai Mi Hajiketa,"['Romance', 'Seinen']",EN,Chap 13.5
598,Akai Michi,"['Romance', 'Shoujo', 'Slice of Life']",EN,nedoločen
599,Akai Ringo,['Drama'],EN,Chap 44
600,Akai Sato No Tengu,"['Fantasy', 'Mystery', 'Supernatural']",EN,nedoločen
601,Akaku Saku Koe,"['Drama', 'Romance', 'Shoujo']",EN,Chap 12
602,Akame ga Kill!,"['Action', 'Drama', 'Fantasy']",EN,Chap 78
603,Akame ga Kill! 1.5,"['Action', 'Drama', 'Fantasy']",EN,Chap 4
604,Akame ga Kill! Zero,"['Action', 'Drama', 'Fantasy']",EN,Chap 60
605,Akane-banashi,"['Adventure', 'Comedy']",EN,Chap 74
606,Akane-chan Overdrive,"['Comedy', 'Ecchi', 'Gender Bender']",EN,Chap 10
607,Akaneiro Ni Somaru Saka,"['Comedy', 'Drama', 'Harem']",EN,Chap 11
608,Akaneiro Show Time,"['Romance', 'School', 'Shoujo']",EN,Chap 4
609,Akaneshinchi Hanaya Sange,"['Drama', 'Psychological', 'Yaoi']",EN,Chap 4
610,Akanuke Ichiban!,"['Comedy', 'Shoujo']",JA,Chap 74.5
611,Akari of the Forest Bookshop,"['Drama', 'Josei', 'Romance']",JA,Chap 61
612,Akarui Sekai Keikaku,"['Comedy', 'Harem', 'Romance']",EN,Chap 23
613,Akasenu Shoutai Saikyou no Ito Tsukai wa Fukushuu no Shinigami ni Naru,['Fantasy'],JA,Chap 24
614,Akashic Records of the Bastard Magical Instructor,"['Action', 'Fantasy', 'Magic']",EN,Chap 72
615,Akatoki No Yami,"['Fantasy', 'Historical', 'Shoujo']",EN,Chap 3
616,Akatsuki,"['Action', 'Adventure', 'Fantasy']",EN,Chap 7
617,Akatsuki Ni Tatsu Lion,"['Adventure', 'Drama', 'Fantasy']",EN,Chap 2
618,Akatsuki no Kabanegari,"['Shounen', 'Supernatural', 'Vampire']",JA,Chap 12
619,Akatsuki no Miko,"['Romance', 'Shoujo']",EN,nedoločen
620,Akazukin Chacha N,"['Comedy', 'Fantasy', 'Shoujo']",JA,Chap 53.5
621,Akazukin Eliza,"['Adventure', 'Comedy', 'Ecchi']",EN,nedoločen
622,Akazukin ni Taberareokami,"['Comedy', 'Fantasy', 'Romance']",JA,Chap 24.5
623,"Akazukin To, Koisuru Ookami","['Fantasy', 'Romance', 'Shoujo']",EN,nedoločen
624,Aku No Higan - Beyond Evil,"['Drama', 'Horror', 'Psychological']",nedoločen,nedoločen
625,Akudama,"['Drama', 'Shounen Ai', 'Yaoi']",EN,Chap 5.5
626,Akuma De Junai,['Shoujo'],EN,Chap 11
627,Akuma de Keiyaku,['Yaoi'],EN,Chap 6.5
628,Akuma De Koibito,"['Romance', 'School', 'Shoujo']",EN,Chap 3
629,Akuma Ga Hallelujah,"['Romance', 'School', 'Shoujo']",EN,Chap 4
630,Akuma Jiten,"['Comedy', 'Harem', 'Romance']",EN,Chap 35.5
631,Akuma Na Eros,"['Drama', 'Fantasy', 'Mystery']",EN,Chap 17
632,Akuma ni Dakareru,['Yaoi'],EN,Chap 6
633,Akuma No Ichigo,"['Drama', 'Romance', 'Shoujo']",EN,Chap 5
634,Akuma No Ikenie,"['Comedy', 'Ecchi', 'Fantasy']",JA,Chap 17
635,Akuma No Mama,"['Comedy', 'Slice of Life', 'Supernatural']",EN,Chap 19
636,Akuma No Puzzle,"['Fantasy', 'Romance', 'Shoujo']",EN,Chap 4
637,Akuma no Riddle,"['Action', 'School', 'Shoujo Ai']",EN,Chap 47
638,Akuma no Susume,"['Comedy', 'Seinen', 'Supernatural']",JA,Chap 17
639,Akuma To Duet,"['Fantasy', 'Romance', 'Shoujo']",EN,Chap 4.5
640,Akuma to Love Song Encore,"['Drama', 'Romance', 'School']",EN,Chap 1
641,Akuma To Tsuki No Yoru,"['Demons', 'Romance', 'Shoujo']",EN,nedoločen
642,Akumeitakai Ryoushu ni Totsugu Koto ni Narimashita ga Mainichi Shiawase desu,"['Fantasy', 'Romance']",JA,Chap 2
643,Akumetsu,"['Action', 'Drama', 'Police']",EN,Chap 162
644,Akumu kara Mezameta Gouman Reijou wa Yarinaoshi wo Mosakuchuu,"['Comedy', 'School', 'Slice of Life']",JA,Chap 23
645,Akumu No Elevator,"['Mystery', 'Psychological', 'Seinen']",EN,nedoločen
646,Akutou Danshi Collection,"['Comedy', 'Romance', 'School']",EN,Chap 3.2
647,"Akutou Ikka no Mana Musume, Tensei Saki mo Otome Game no Gokudou Reijou deshita. Saijoukyuu Rank no Akuyaku-sama, Sono Dekiai wa Fuyou desu!","['Comedy', 'Fantasy', 'Romance']",EN,Chap 8
648,Akuyaku Kusa Reijou-sama To Oyobi!,"['Comedy', 'Fantasy']",JA,Chap 7
649,Akuyaku Reijou Level 99: Watashi wa Ura-Boss desu ga Maou dewa Arimasen,"['Fantasy', 'Shoujo']",EN,Chap 18
650,"Akuyaku Reijou Mitai ni Danzaisaresou Datta Kedo, Zenryoku de Aisaretemasu! – Fukou na Unmei ni Zamaa shimasu wa! Anthology Comic","['Fantasy', 'Romance', 'Shoujo']",JA,Chap 4
651,Akuyaku Reijou Ni Tensei Shita Hazu Ga Marie Antoinette Deshita,"['Drama', 'Fantasy', 'Historical']",JA,Chap 15
652,"Akuyaku Reijou ni Tensei shita to Omottara, Cinderella no Gishi Deshita – Cinderella Otaku no Isekai Tensei","['Fantasy', 'Shoujo']",JA,Chap 10
653,Akuyaku Reijou ni Tensei suru no Mahou ni Muchuu de Itara Ouji ni Dekiaisaremashita,"['Fantasy', 'Romance', 'School']",JA,Chap 11
654,Akuyaku Reijou no Dere wa Dake ni Barete Iru,"['Romance', 'Slice of Life']",JA,Chap 8
655,"Akuyaku Reijou no Keibo wa Ni ga Omoi no de, Zenryoku de Shiawase Route Mezashimasu","['Comedy', 'Fantasy', 'Romance']",JA,Chap 4
656,Akuyaku Reijou No Okiniiri: Ouji… Jama!,"['Romance', 'Slice of Life']",JA,Chap 38
657,Akuyaku Reijou Wa Danna-sama To Rien Ga Shitai! Suki Katte Yatteita No Ni Naze Ka “ou Taishihi No Kan” Nante Yobarete Iru No Desu Ga,"['Comedy', 'Fantasy', 'Romance']",JA,Chap 16
658,Akuyaku Reijou wa Heroine wo Ijimeteiru Baai dewa Nai,"['Fantasy', 'Romance', 'Shoujo']",JA,Chap 15.5
659,Akuyaku Reijou wa Oji-sama ni Muchuudesu,"['Comedy', 'Fantasy', 'Romance']",JA,Chap 13
660,Alice in Murderland,"['Action', 'Drama', 'Fantasy']",nedoločen,nedoločen
661,Alice In The Country Of Diamonds ~Wonderful Wonder World~ Anthology,"['Fantasy', 'Harem', 'Romance']",EN,Chap 5
662,Alice in the Country of Hearts,"['Comedy', 'Drama', 'Fantasy']",nedoločen,nedoločen
663,Alice in the Country of Hearts: The Clockmaker's Story,"['Fantasy', 'Romance', 'Shoujo']",EN,Chap 1.5
664,Alice in the land of Boys,"['Romance', 'Shoujo']",EN,Chap 3
665,Alice Kara Mahou,"['Comedy', 'Fantasy', 'Romance']",EN,Chap 8
666,Alice No 100 Degrees Cc,"['Comedy', 'Ecchi', 'School']",EN,Chap 7
667,Alice no Rakuen,"['Josei', 'Mystery', 'Romance']",EN,Chap 8
668,Alice No Shousei,"['Action', 'Ecchi', 'Seinen']",EN,Chap 4
669,Alice on Border Road,"['Action', 'Horror', 'Psychological']",EN,Chap 31
670,Alice on Deadlines,"['Comedy', 'Shounen', 'Supernatural']",EN,Chap 9
671,Alice Quartet Obbligato,"['Comedy', 'Drama']",EN,Chap 7.5
672,Alice's Dream Files,"['Fantasy', 'Shoujo']",EN,nedoločen
673,Alichino,"['Fantasy', 'Shoujo', 'Supernatural']",EN,Chap 17
674,Alicia's Diet Quest,"['Comedy', 'Ecchi', 'Fantasy']",EN,Chap 17.2
675,Alien Nine,"['Action', 'School', 'Sci-Fi']",EN,Chap 30
676,Aliens Area,"['Action', 'Fantasy', 'Shounen']",EN,Chap 20
677,Alive,"['Horror', 'Psychological', 'Seinen']",EN,Chap 10
678,Alive: The Final Evolution,"['Adventure', 'Sci-Fi', 'Shounen']",EN,Chap 82
679,All 1,"['Comedy', 'Romance', 'Shoujo']",EN,Chap 3
680,All About Lust,"['Drama', 'Yaoi']",EN,Chap 60.5
681,All Alone in Hyakki Demon Village,"['Demons', 'Fantasy', 'Slice of Life']",EN,Chap 14
682,All Around Type-Moon,"['Comedy', 'Seinen', 'Slice of Life']",EN,Chap 11
683,All Because of You,"['Comedy', 'Gender Bender', 'Romance']",EN,Chap 29
684,All Hail the Sect Leader,"['Adventure', 'Comedy', 'Fantasy']",EN,Chap 235
685,All My Darling Daughters,"['Drama', 'Romance', 'Shoujo']",EN,Chap 5
686,All of Us Are Dead,"['Action', 'Horror', 'Mystery']",EN,Chap 9
687,All Out!!,"['School', 'Seinen', 'Sports']",EN,Chap 118.5
688,All points are divided to VIT because a painful one isn't liked,"['Action', 'Adventure', 'Comedy']",EN,Chap 38
689,All Purpose Apocalyptic Upgrade System,"['Action', 'Drama', 'Fantasy']",EN,Chap 6
690,All Right!,"['Action', 'Comedy', 'Drama']",JA,Chap 27
691,All Rounder,"['Action', 'Fantasy', 'Horror']",EN,Chap 72
692,All Rounder Meguru,"['Action', 'Drama', 'Martial Arts']",EN,Chap 175.3
693,All That We Hope to Be,"['Drama', 'School']",EN,Chap 173
694,All That You Are,"['Drama', 'Seinen']",EN,Chap 61
695,All the Female Apprentices Want to Kill Me,"['Action', 'Adventure', 'Comedy']",EN,Chap 27
696,All the Heroes Love Me,"['Drama', 'Fantasy', 'Josei']",EN,Chap 8
697,All the Things I Like About You,"['Drama', 'Josei', 'Romance']",EN,Chap 36
698,All These Wild Men Want to Marry Me!,"['Fantasy', 'Romance']",EN,Chap 10
699,All You Need Is Kill,"['Action', 'Military', 'Sci-Fi']",EN,Chap 17
700,All You Need Is Love (IKUEMI Ryou),"['Drama', 'Romance', 'Shoujo']",EN,Chap 8
701,"All You Want, Whenever You Want","['Drama', 'Romance', 'Yaoi']",EN,Chap 1
702,All-Attribute Martial Arts,"['Action', 'Adventure', 'Fantasy']",EN,Chap 58
703,All-Purpose Cultural Cat-Girl Nuku Nuku,"['Action', 'Comedy', 'Mecha']",EN,nedoločen
704,Alladin And The Magic Teapot,"['Comedy', 'Fantasy', 'Shoujo']",EN,Chap 4.5
705,Allegro Agitato,"['Drama', 'Romance', 'Shoujo']",EN,Chap 8
706,Allied noble territory management,"['Comedy', 'Fantasy']",JA,Chap 30
707,Allison,"['Action', 'Adventure', 'Historical']",EN,Chap 9
708,Allure,['Yaoi'],EN,Chap 5
709,Almighty Master,"['Action', 'Adventure', 'Fantasy']",EN,Chap 286
710,Almost-Weekly Mitsudomoe,"['Comedy', 'School', 'Shounen']",EN,Chap 348.5
711,Alone Like the Wolf,"['Action', 'Drama', 'Historical']",EN,Chap 12
712,Alpine Rose,"['Drama', 'Historical', 'Romance']",EN,Chap 24
713,Altair: A Record of Battles,"['Adventure', 'Drama', 'Fantasy']",EN,Chap 134
714,Amagami - Precious Diary,"['Ecchi', 'Romance', 'School']",EN,Chap 30
715,Amagami-san Chi no Enmusubi,"['Comedy', 'Harem', 'Romance']",EN,Chap 103
716,Amagami: Sincerely Yours,"['Ecchi', 'Romance', 'School']",EN,Chap 6
717,Amagoi,"['Action', 'Adventure', 'Fantasy']",EN,Chap 16
718,Amahara-Kun +,"['Comedy', 'Gender Bender', 'Romance']",EN,Chap 7
719,Amai Amai Koi O Seyo.,"['Comedy', 'Romance', 'Shoujo']",EN,Chap 2
720,Amai Kaori Ga Surun Desu,['Shounen Ai'],EN,Chap 1
721,Amai Kimi ga Suki,['Yaoi'],EN,Chap 6.5
722,Amai Koi no Sodatekata,['Yaoi'],EN,Chap 4
723,Amai Seikatsu: 2nd Season,"['Comedy', 'Ecchi', 'Harem']",JA,Chap 241
724,Amai-san Is Cold and Sweet,"['Comedy', 'Romance', 'Shounen']",EN,Chap 8
725,Amairo Islenauts,"['Comedy', 'Ecchi', 'Fantasy']",EN,Chap 7
726,Amakusa 1637,"['Drama', 'Fantasy', 'Gender Bender']",EN,Chap 49
727,Amakute Zurui Wana No Naka,"['Romance', 'School', 'Shoujo']",EN,Chap 3
728,Amama Cinderella,"['Comedy', 'Romance']",EN,Chap 12
729,Amanchu,"['Comedy', 'School', 'Slice of Life']",EN,Chap 102
730,Amane Gymnasium,"['Drama', 'Seinen', 'Supernatural']",JA,Chap 9
731,Amano Megumi wa Sukidarake!,"['Comedy', 'Ecchi', 'School']",EN,Chap 280
